{"cameraMode":{"drawMode":0,"name":"Shaded","section":"Shading Mode"},"sceneLighting":false,"audioPlay":false,"sceneViewState":{"m_AlwaysRefresh":false,"showFog":true,"showSkybox":false,"showFlares":true,"showImageEffects":true,"showParticleSystems":true,"showVisualEffectGraphs":true,"m_FxEnabled":true},"in2DMode":false,"pivot":{"x":0.18378257751464845,"y":5.097324848175049,"z":-0.061362266540527347},"rotation":{"x":0.2424136996269226,"y":0.06397610902786255,"z":-0.01602247729897499,"w":0.9679295420646668},"size":12.485243797302246,"orthographic":false}